{
    "precision": 1.0,
    "recall": 0.9615384615384616,
    "f1": 0.9803921568627451,
    "roc_auc": 0.9999215070643642
}