{
    "precision": 0.9807692307692307,
    "recall": 0.9807692307692307,
    "f1": 0.9807692307692307,
    "roc_auc": 0.9999607535321821
}