{
    "precision": 1.0,
    "recall": 0.9807692307692307,
    "f1": 0.9902912621359223,
    "roc_auc": 1.0
}